module_id,service_index,service,method_index,method,request_type,response_type,flow_role,request_live_count,response_live_count,total_live_count,live_directions,evidence_status,source_session
adventure,19,AdventureServer,0,AdventureGetActivePhase,Casino.AdventureActivePhaseRequest,Casino.AdventureActivePhaseResponse,client request -> server response/update,0,0,0,,schema-only,
adventure,19,AdventureServer,1,AdventureSetDifficulty,Casino.AdventureDifficultyRequest,Casino.AdventureActivePhaseResponse,client request -> server response/update,0,0,0,,schema-only,
adventure,19,AdventureServer,2,AdventureSkipMission,Casino.AdventureSkipMissionRequest,Casino.AdventureSkipMissionResponse,client request -> server response/update,0,0,0,,schema-only,
adventure,22,AdventureClient,0,AdventureUpdate,Casino.AdventureUpdateRequest,Casino.EmptyResponse,server update/request -> client response/ack,0,0,0,,schema-only,
adventure,22,AdventureClient,1,AdventureMissionUpdate,Casino.AdventureMissionUpdateRequest,Casino.EmptyResponse,server update/request -> client response/ack,0,0,0,,schema-only,
authentication,0,AppServer,2,Login,Casino.LoginRequest,Casino.LoginResponse,client request -> server response/update,0,0,0,,schema-only,
authentication,0,AppServer,16,ConnectFacebook,Casino.ConnectFacebookRequest,Casino.ConnectFacebookResponse,client request -> server response/update,0,0,0,,schema-only,
authentication,0,AppServer,66,RegisterDevice,Casino.RegisterDeviceRequest,Casino.RegisterDeviceResponse,client request -> server response/update,0,0,0,,schema-only,
authentication,0,AppServer,74,SetUserConsents,Casino.UserConsentsRequest,Casino.EmptyResponse,client request -> server response/update,0,0,0,,schema-only,
authentication,0,AppServer,82,SignInWithApple,Casino.SignInWithAppleRequest,Casino.SignInWithAppleResponse,client request -> server response/update,0,0,0,,schema-only,
authentication,0,AppServer,89,PersonalizedAdsPostponeConsent,Casino.PersonalizedAdsPostponeConsentRequest,Casino.EmptyResponse,client request -> server response/update,0,0,0,,schema-only,
authentication,0,AppServer,90,IdfaConsent,Casino.IdfaConsentRequest,Casino.IdfaConsentResponse,client request -> server response/update,0,0,0,,schema-only,
authentication,0,AppServer,118,LoginViaGame,Casino.LoginViaGameRequest,Casino.LoginViaGameResponse,client request -> server response/update,0,0,0,,schema-only,
authentication,0,AppServer,131,ConnectWithFirebase,Casino.ConnectWithFirebaseRequest,Casino.ConnectWithFirebaseResponse,client request -> server response/update,0,0,0,,schema-only,
authentication,0,AppServer,132,AuthenticationRefreshToken,Casino.AuthenticationRefreshTokenRequest,Casino.AuthenticationRefreshTokenResponse,client request -> server response/update,0,0,0,,schema-only,
authentication,0,AppServer,133,Logout,Casino.LogoutRequest,Casino.LogoutResponse,client request -> server response/update,0,0,0,,schema-only,
authentication,0,AppServer,148,UpdateUserCentricsTag,Casino.UpdateUserCentricsTagRequest,Casino.EmptyResponse,client request -> server response/update,0,0,0,,schema-only,
authentication,1,AppClient,32,SignInWithAppleLinkInfo,Casino.SignInWithAppleLinkInfoRequest,Casino.EmptyResponse,server update/request -> client response/ack,0,0,0,,schema-only,
authentication,1,AppClient,61,AcceptedUserCentricsTag,Casino.AcceptedUserCentricsTagRequest,Casino.EmptyResponse,server update/request -> client response/ack,0,0,0,,schema-only,
authentication,1,AppClient,62,NotAcceptedUserCentricsTag,Casino.EmptyRequest,Casino.EmptyResponse,server update/request -> client response/ack,0,0,0,,schema-only,
authentication,1,AppClient,66,UpdateExternalAuthMapping,Casino.UpdateExternalAuthMappingRequest,Casino.EmptyResponse,server update/request -> client response/ack,0,0,0,,schema-only,
authentication,29,HuuugeLogin,0,GenerateDirectWebshopLoginLink,Casino.DirectWebshopLoginLinkRequest,Casino.DirectWebshopLoginLinkResponse,client request -> server response/update,0,0,0,,schema-only,
baccarat,8,BaccaratGameServer,0,AddBet,Casino.BaccaratProto.AddBetReq,Casino.BaccaratProto.ConfirmRes,client request -> server response/update,0,0,0,,schema-only,
baccarat,9,BaccaratGameClient,0,RoomUsers,Casino.BaccaratProto.UsersListReq,Casino.EmptyResponse,server update/request -> client response/ack,0,0,0,,schema-only,
baccarat,9,BaccaratGameClient,1,StartPlacingBets,Casino.BaccaratProto.StartBettingReq,Casino.EmptyResponse,server update/request -> client response/ack,0,0,0,,schema-only,
baccarat,9,BaccaratGameClient,2,UpdateBets,Casino.BaccaratProto.UpdateBetsReq,Casino.EmptyResponse,server update/request -> client response/ack,0,0,0,,schema-only,
baccarat,9,BaccaratGameClient,3,Payout,Casino.BaccaratProto.PayoutReq,Casino.EmptyResponse,server update/request -> client response/ack,0,0,0,,schema-only,
baccarat,9,BaccaratGameClient,4,SetConfiguration,Casino.BaccaratProto.Configuration,Casino.EmptyResponse,server update/request -> client response/ack,0,0,0,,schema-only,
battle_pass,0,AppServer,139,BattlePassGetDailyMissions,Casino.EmptyRequest,Casino.BattlePassGetDailyMissionsResponse,client request -> server response/update,0,0,0,,schema-only,
battle_pass,0,AppServer,140,BattlePassGetWeeklyMissions,Casino.EmptyRequest,Casino.BattlePassGetWeeklyMissionsResponse,client request -> server response/update,0,0,0,,schema-only,
battle_pass,0,AppServer,141,BattlePassGetMilestones,Casino.EmptyRequest,Casino.BattlePassGetMilestonesResponse,client request -> server response/update,0,0,0,,schema-only,
battle_pass,0,AppServer,142,BattlePassTutorialCompleted,Casino.EmptyRequest,Casino.BattlePassTutorialCompletedResponse,client request -> server response/update,0,0,0,,schema-only,
battle_pass,0,AppServer,143,BattlePassSkipMission,Casino.BattlePassSkipMissionRequest,Casino.BattlePassSkipMissionResponse,client request -> server response/update,0,0,0,,schema-only,
battle_pass,1,AppClient,53,BattlePassUpdate,Casino.BattlePassUpdateRequest,Casino.EmptyResponse,server update/request -> client response/ack,0,0,0,,schema-only,
battle_pass,1,AppClient,54,BattlePassMissionProgressUpdate,Casino.BattlePassMissionProgressUpdateRequest,Casino.EmptyResponse,server update/request -> client response/ack,0,0,0,,schema-only,
battle_pass,1,AppClient,55,BattlePassLevelCompleted,Casino.BattlePassLevelCompletedRequest,Casino.EmptyResponse,server update/request -> client response/ack,0,0,0,,schema-only,
battle_pass,1,AppClient,56,BattlePassPremiumUpdate,Casino.BattlePassPremiumUpdateRequest,Casino.EmptyResponse,server update/request -> client response/ack,0,0,0,,schema-only,
blackjack,6,BlackjackGameServer,0,SetBet,Casino.BlackjackBetRequest,Casino.EmptyResponse,client request -> server response/update,0,0,0,,schema-only,
blackjack,7,BlackjackGameClient,0,StartPlacingBets,Casino.BlackjackStartBetsRequest,Casino.EmptyResponse,server update/request -> client response/ack,0,0,0,,schema-only,
blackjack,7,BlackjackGameClient,1,RoomUsers,Casino.BlackjackUsersList,Casino.EmptyResponse,server update/request -> client response/ack,0,0,0,,schema-only,
blackjack,7,BlackjackGameClient,2,Progress,Casino.BlackjackActionRequest,Casino.BlackjackActionResponse,server update/request -> client response/ack,0,0,0,,schema-only,
blackjack,7,BlackjackGameClient,3,Payout,Casino.BlackjackPayoutRequest,Casino.EmptyResponse,server update/request -> client response/ack,0,0,0,,schema-only,
blackjack,7,BlackjackGameClient,4,Insurance,Casino.EmptyRequest,Casino.BlackjackInsuranceResponse,server update/request -> client response/ack,0,0,0,,schema-only,
charms,0,AppServer,81,CharmsReset,Casino.CharmsResetRequest,Casino.CharmsResetResponse,client request -> server response/update,0,0,0,,schema-only,
charms,0,AppServer,85,CharmsBoxOpenAll,Casino.CharmsBoxOpenAllRequest,Casino.CharmsBoxOpenAllResponse,client request -> server response/update,0,0,0,,schema-only,
charms,0,AppServer,91,CharmsTradeAction,Casino.CharmsTradeActionRequest,Casino.CharmsTradeActionResponse,client request -> server response/update,0,0,0,,schema-only,
charms,0,AppServer,92,CharmsTradeRequestListFetch,Casino.CharmsTradeRequestListFetchRequest,Casino.CharmsTradeRequestListFetchResponse,client request -> server response/update,0,0,0,,schema-only,
charms,0,AppServer,93,CharmsTradeExchangeExecute,Casino.CharmsTradeExchangeExecuteRequest,Casino.CharmsTradeExchangeExecuteResponse,client request -> server response/update,0,0,0,,schema-only,
charms,0,AppServer,108,TimeBasedCharmsState,Casino.TimeBasedCharmsStateRequest,Casino.TimeBasedCharmsStateResponse,client request -> server response/update,0,0,0,,schema-only,
charms,0,AppServer,109,TimeBasedCharmsTutorialProgress,Casino.CharmsTutorialProgressRequest,Casino.CharmsTutorialProgressResponse,client request -> server response/update,0,0,0,,schema-only,
charms,0,AppServer,110,TimeBasedCharmsReset,Casino.EmptyRequest,Casino.CharmsResetResponse,client request -> server response/update,0,0,0,,schema-only,
charms,0,AppServer,113,CharmsTutorialProgress,Casino.CharmsTutorialProgressRequest,Casino.CharmsTutorialProgressResponse,client request -> server response/update,0,0,0,,schema-only,
charms,0,AppServer,114,CharmsResetNewBadge,Casino.CharmsResetNewBadgeRequest,Casino.EmptyResponse,client request -> server response/update,0,0,0,,schema-only,
charms,0,AppServer,121,CharmsPastCollections,Casino.EmptyRequest,Casino.CharmsPastCollectionsResponse,client request -> server response/update,0,0,0,,schema-only,
charms,1,AppClient,37,UpdateCharmsProgress,Casino.UpdateCharmsProgressRequest,Casino.EmptyResponse,server update/request -> client response/ack,2,0,2,in,observed-live,20260825_182300
clubs,0,AppServer,32,ClubCreate,Casino.ClubsProto.ClubCreateRequest,Casino.ClubsProto.ClubCreateResponse,client request -> server response/update,0,0,0,,schema-only,
clubs,0,AppServer,33,ClubList,Casino.EmptyRequest,Casino.ClubsProto.ClubListResponse,client request -> server response/update,0,0,0,,schema-only,
clubs,0,AppServer,34,ClubJoin,Casino.ClubsProto.ClubJoinRequest,Casino.ClubsProto.ClubJoinResponse,client request -> server response/update,0,0,0,,schema-only,
clubs,0,AppServer,35,ClubLeave,Casino.EmptyRequest,Casino.ClubsProto.ClubLeaveResponse,client request -> server response/update,0,0,0,,schema-only,
clubs,0,AppServer,36,ClubQuery,Casino.ClubsProto.ClubQueryRequest,Casino.ClubsProto.ClubQueryResponse,client request -> server response/update,0,0,0,,schema-only,
clubs,0,AppServer,37,ClubLeaderboard,Casino.ClubsProto.ClubLeaderboardRequest,Casino.ClubsProto.ClubLeaderboardResponse,client request -> server response/update,0,0,0,,schema-only,
clubs,0,AppServer,38,ClubEdit,Casino.ClubsProto.ClubEditRequest,Casino.ClubsProto.ClubEditResponse,client request -> server response/update,0,0,0,,schema-only,
clubs,0,AppServer,39,ClubChangeRole,Casino.ClubsProto.ClubChangeRoleRequest,Casino.ClubsProto.ClubChangeRoleResponse,client request -> server response/update,0,0,0,,schema-only,
clubs,0,AppServer,40,ClubKick,Casino.ClubsProto.ClubKickRequest,Casino.ClubsProto.ClubKickResponse,client request -> server response/update,0,0,0,,schema-only,
clubs,0,AppServer,41,ClubSendChatMessage,Casino.ClubsProto.ClubSendChatMessageRequest,Casino.EmptyResponse,client request -> server response/update,0,0,0,,schema-only,
clubs,0,AppServer,42,ClubSearch,Casino.ClubsProto.ClubSearchRequest,Casino.ClubsProto.ClubSearchResponse,client request -> server response/update,0,0,0,,schema-only,
clubs,0,AppServer,43,ClubDonate,Casino.ClubsProto.ClubDonateRequest,Casino.ClubsProto.ClubDonateResponse,client request -> server response/update,0,0,0,,schema-only,
clubs,0,AppServer,44,ClubAcceptRequester,Casino.ClubsProto.ClubAcceptRequesterRequest,Casino.ClubsProto.ClubAcceptRequesterResponse,client request -> server response/update,0,0,0,,schema-only,
clubs,0,AppServer,45,ClubRejectRequester,Casino.ClubsProto.ClubRejectRequesterRequest,Casino.ClubsProto.ClubRejectRequesterResponse,client request -> server response/update,0,0,0,,schema-only,
clubs,0,AppServer,46,ClubInvite,Casino.ClubsProto.ClubInviteRequest,Casino.ClubsProto.ClubInviteResponse,client request -> server response/update,0,0,0,,schema-only,
clubs,0,AppServer,47,ClubInviteList,Casino.EmptyRequest,Casino.ClubsProto.ClubInviteListResponse,client request -> server response/update,0,0,0,,schema-only,
clubs,0,AppServer,59,ClubWallGet,Casino.ClubsProto.ClubWallGetRequest,Casino.ClubsProto.ClubWallGetResponse,client request -> server response/update,0,0,0,,schema-only,
clubs,0,AppServer,60,ClubWallRead,Casino.ClubsProto.ClubWallReadRequest,Casino.ClubsProto.ClubWallReadResponse,client request -> server response/update,0,0,0,,schema-only,
clubs,0,AppServer,61,ClubWallCollectBonus,Casino.ClubsProto.ClubWallCollectBonusRequest,Casino.ClubsProto.ClubWallCollectBonusResponse,client request -> server response/update,0,0,0,,schema-only,
clubs,0,AppServer,62,ClubWallPost,Casino.ClubsProto.ClubWallPostRequest,Casino.ClubsProto.ClubWallPostResponse,client request -> server response/update,0,0,0,,schema-only,
clubs,0,AppServer,63,ClubLeaguesInfo,Casino.EmptyRequest,Casino.ClubsProto.ClubLeaguesInfoResponse,client request -> server response/update,0,0,0,,schema-only,
clubs,0,AppServer,73,ClubWallSetFilter,Casino.ClubsProto.ClubWallSetFilterRequest,Casino.ClubsProto.ClubWallSetFilterResponse,client request -> server response/update,0,0,0,,schema-only,
clubs,0,AppServer,77,ClubWallGetJackpotBonusDetails,Casino.ClubsProto.ClubWallGetJackpotBonusDetailsRequest,Casino.ClubsProto.ClubWallGetJackpotBonusDetailsResponse,client request -> server response/update,0,0,0,,schema-only,
clubs,1,AppClient,19,ClubNotification,Casino.ClubsProto.ClubNotificationRequest,Casino.EmptyResponse,server update/request -> client response/ack,0,0,0,,schema-only,
clubs,1,AppClient,20,ClubJoined,Casino.ClubsProto.ClubJoinedRequest,Casino.EmptyResponse,server update/request -> client response/ack,0,0,0,,schema-only,
clubs,1,AppClient,21,ClubInvitation,Casino.ClubsProto.ClubInvitationRequest,Casino.EmptyResponse,server update/request -> client response/ack,0,0,0,,schema-only,
clubs,1,AppClient,22,ClubSeason,Casino.ClubsProto.ClubSeason,Casino.EmptyResponse,server update/request -> client response/ack,0,0,0,,schema-only,
clubs,1,AppClient,24,ClubEventsUpdate,Casino.ClubsProto.ClubEventsUpdate,Casino.EmptyResponse,server update/request -> client response/ack,0,0,0,,schema-only,
collection,0,AppServer,80,GetCollectiblesThemeStatus,Casino.GetCollectiblesThemeStatusRequest,Casino.GetCollectiblesThemeStatusResponse,client request -> server response/update,0,0,0,,schema-only,
collection,0,AppServer,83,CollectiblesBoxOpen,Casino.CollectiblesBoxOpenRequest,Casino.CollectiblesBoxOpenResponse,client request -> server response/update,0,0,0,,schema-only,
collection,0,AppServer,84,CollectiblesBoxReraffle,Casino.CollectiblesBoxReraffleRequest,Casino.CollectiblesBoxReraffleResponse,client request -> server response/update,0,0,0,,schema-only,
collection,0,AppServer,128,GetClubSetThemeStatus,Casino.GetClubSetThemeStatusRequest,Casino.GetClubSetThemeStatusResponse,client request -> server response/update,0,0,0,,schema-only,
collection,0,AppServer,129,ClubSetTutorialProgress,Casino.ClubSetTutorialProgressRequest,Casino.ClubSetTutorialProgressResponse,client request -> server response/update,0,0,0,,schema-only,
collection,0,AppServer,130,ClubSetCollectItems,Casino.ClubSetCollectItemsRequest,Casino.ClubSetCollectItemsResponse,client request -> server response/update,0,0,0,,schema-only,
collection,1,AppClient,45,UpdateClubSetProgress,Casino.UpdateClubSetProgressRequest,Casino.EmptyResponse,server update/request -> client response/ack,0,0,0,,schema-only,
conquest,0,AppServer,94,UpdateConquestTile,Casino.EmptyRequest,Casino.ConquestTileUpdateResponse,client request -> server response/update,0,0,0,,schema-only,
conquest,0,AppServer,95,UpdateConquestArena,Casino.EmptyRequest,Casino.ConquestArenaUpdateResponse,client request -> server response/update,0,0,0,,schema-only,
conquest,0,AppServer,96,UpdateConquestSlot,Casino.EmptyRequest,Casino.ConquestSlotUpdateResponse,client request -> server response/update,0,0,0,,schema-only,
conquest,0,AppServer,97,FetchConquestSummary,Casino.ConquestSummaryRequest,Casino.ConquestSummaryResponse,client request -> server response/update,0,0,0,,schema-only,
conquest,0,AppServer,98,FetchConquestSummaryDetails,Casino.ConquestSummaryDetailsRequest,Casino.ConquestSummaryDetailsResponse,client request -> server response/update,0,0,0,,schema-only,
conquest,1,AppClient,36,AddConquestMissedInfo,Casino.LoginResponse.MissedInfo.ConquestMissedInfo,Casino.EmptyResponse,server update/request -> client response/ack,0,0,0,,schema-only,
contact_point,0,AppServer,117,ContactPointFtueInteraction,Casino.ContactPointFtueInteractionRequest,Casino.EmptyResponse,client request -> server response/update,0,0,0,,schema-only,
contact_point,30,ContactPointClient,0,ContactPointUpdate,Casino.ContactPointUpdateRequest,Casino.EmptyResponse,server update/request -> client response/ack,0,0,0,,schema-only,
economy,3,GameServer,2,PlayerUpdateChips,Casino.UpdateChipsRequest,Casino.UpdateChipsResponse,client request -> server response/update,0,0,0,,schema-only,
economy,3,GameServer,8,PlayerGetChips,Casino.PlayerGetChipsRequest,Casino.PlayerGetChipsResponse,client request -> server response/update,0,0,0,,schema-only,
elites,31,ElitesServer,0,ElitesGetData,Casino.ElitesGetDataRequest,Casino.ElitesGetDataResponse,client request -> server response/update,0,0,0,,schema-only,
elites,31,ElitesServer,1,ElitesGetLeaderboard,Casino.ElitesGetLeaderboardRequest,Casino.ElitesGetLeaderboardResponse,client request -> server response/update,0,0,0,,schema-only,
elites,32,ElitesClient,0,NotifyElitesTooLowLevel,Casino.NotifyElitesTooLowLevelRequest,Casino.EmptyResponse,server update/request -> client response/ack,0,0,0,,schema-only,
elites,32,ElitesClient,1,NotifyElitesActive,Casino.NotifyElitesActiveRequest,Casino.EmptyResponse,server update/request -> client response/ack,0,0,0,,schema-only,
elites,32,ElitesClient,2,NotifyElitesSoon,Casino.EmptyRequest,Casino.EmptyResponse,server update/request -> client response/ack,0,0,0,,schema-only,
elites,32,ElitesClient,3,NotifyElitesMilestoneCompleted,Casino.NotifyElitesMilestoneCompletedRequest,Casino.EmptyResponse,server update/request -> client response/ack,0,0,0,,schema-only,
elites,32,ElitesClient,4,NotifyElitesCalculating,Casino.EmptyRequest,Casino.EmptyResponse,server update/request -> client response/ack,0,0,0,,schema-only,
elites,32,ElitesClient,5,PlayTogetherInfo,Casino.PlayTogetherInfoRequest,Casino.EmptyResponse,server update/request -> client response/ack,0,0,0,,schema-only,
game_runtime,2,GameHost,0,Connect,Casino.GameServerConnectRequest,Casino.GameServerConnectResponse,game process -> host request/response,0,0,0,,schema-only,
game_runtime,2,GameHost,1,GameConnect,Casino.GameHostConnectRequest,Casino.GameHostConnectResponse,game process -> host request/response,0,0,0,,schema-only,
game_runtime,2,GameHost,2,UpdateUser,Casino.UpdateUserRequest,Casino.EmptyResponse,game process -> host request/response,0,0,0,,schema-only,
game_runtime,2,GameHost,3,UpdateLeaderboard,Casino.UpdateLeaderboardRequest,Casino.EmptyResponse,game process -> host request/response,0,0,0,,schema-only,
game_runtime,2,GameHost,4,UpdateStatistic,Casino.UpdateStatisticRequest,Casino.EmptyResponse,game process -> host request/response,0,0,0,,schema-only,
game_runtime,2,GameHost,5,LogEvent,Casino.LogEventRequest,Casino.EmptyResponse,game process -> host request/response,0,0,0,,schema-only,
game_runtime,2,GameHost,11,Disconnect,Casino.GameHostDisconnectRequest,Casino.GameHostDisconnectResponse,game process -> host request/response,0,0,0,,schema-only,
game_runtime,2,GameHost,12,DisconnectPlayer,Casino.DisconnectPlayerRequest,Casino.EmptyResponse,game process -> host request/response,0,0,0,,schema-only,
game_runtime,2,GameHost,13,UpdateMetrics,Casino.UpdateMetricsRequest,Casino.EmptyResponse,game process -> host request/response,0,0,0,,schema-only,
game_runtime,2,GameHost,18,UpdateRoomInfo,Casino.UpdateRoomInfoRequest,Casino.EmptyResponse,game process -> host request/response,0,0,0,,schema-only,
game_runtime,3,GameServer,0,PlayerJoin,Casino.PlayerJoinRequest,Casino.PlayerJoinResponse,client request -> server response/update,0,0,0,,schema-only,
game_runtime,3,GameServer,1,PlayerLeft,Casino.PlayerLeftRequest,Casino.PlayerLeftResponse,client request -> server response/update,0,0,0,,schema-only,
game_runtime,3,GameServer,3,DuplicateGame,Casino.DuplicateGameRequest,Casino.DuplicateGameResponse,client request -> server response/update,0,0,0,,schema-only,
game_runtime,3,GameServer,4,CloseGame,Casino.CloseGameRequest,Casino.CloseGameResponse,client request -> server response/update,0,0,0,,schema-only,
game_runtime,3,GameServer,5,ReserveSeat,Casino.ReserveSeatRequest,Casino.ReserveSeatResponse,client request -> server response/update,0,0,0,,schema-only,
game_runtime,3,GameServer,6,ResetUserInactivity,Casino.ResetUserInactivityRequest,Casino.EmptyResponse,client request -> server response/update,0,0,0,,schema-only,
game_runtime,3,GameServer,7,ExecuteCommand,Casino.ExecuteCommandRequest,Casino.ExecuteCommandResponse,client request -> server response/update,0,0,0,,schema-only,
game_runtime,3,GameServer,11,AddChallenge,Casino.AddChallengeRequest,Casino.AddChallengeResponse,client request -> server response/update,0,0,0,,schema-only,
game_runtime,3,GameServer,12,RemoveChallenge,Casino.CancelChallengeRequest,Casino.CancelChallengeResponse,client request -> server response/update,0,0,0,,schema-only,
game_runtime,3,GameServer,13,UpdateConfig,Casino.UpdateConfigRequest,Casino.UpdateConfigResponse,client request -> server response/update,0,0,0,,schema-only,
game_runtime,3,GameServer,14,UpdatePlayerGameEvent,Casino.UpdatePlayerGameEventRequest,Casino.UpdatePlayerGameEventResponse,client request -> server response/update,0,0,0,,schema-only,
liveops_events,0,AppServer,78,TriggerAnnouncement,Casino.TriggerAnnouncementRequest,Casino.TriggerAnnouncementResponse,client request -> server response/update,4,4,8,in;out,observed-live,20260825_182300
liveops_events,0,AppServer,87,MiniGameTutorialComplete,Casino.MiniGameTutorialCompleteRequest,Casino.MiniGameTutorialCompleteResponse,client request -> server response/update,0,0,0,,schema-only,
liveops_events,0,AppServer,99,TowerStartRun,Casino.EmptyRequest,Casino.TowerStartRunResponse,client request -> server response/update,0,0,0,,schema-only,
liveops_events,0,AppServer,100,TowerOpenDoor,Casino.TowerOpenDoorRequest,Casino.TowerOpenDoorResponse,client request -> server response/update,0,0,0,,schema-only,
liveops_events,0,AppServer,101,TowerHandleZonk,Casino.TowerHandleZonkRequest,Casino.TowerHandleZonkResponse,client request -> server response/update,0,0,0,,schema-only,
liveops_events,0,AppServer,102,TowerGrabAndGo,Casino.EmptyRequest,Casino.TowerGrabAndGoResponse,client request -> server response/update,0,0,0,,schema-only,
liveops_events,0,AppServer,103,TowerSetTutorialState,Casino.TowerSetTutorialStateRequest,Casino.EmptyResponse,client request -> server response/update,0,0,0,,schema-only,
liveops_events,0,AppServer,104,BalloonsStart,Casino.EmptyRequest,Casino.BalloonsStartResponse,client request -> server response/update,0,0,0,,schema-only,
liveops_events,0,AppServer,105,BalloonsSync,Casino.BalloonsSyncRequest,Casino.BalloonsSyncResponse,client request -> server response/update,0,0,0,,schema-only,
liveops_events,0,AppServer,106,BalloonsResult,Casino.EmptyRequest,Casino.BalloonsResultResponse,client request -> server response/update,0,0,0,,schema-only,
liveops_events,0,AppServer,107,BalloonsStartTimer,Casino.EmptyRequest,Casino.BalloonsStartTimerResponse,client request -> server response/update,0,0,0,,schema-only,
liveops_events,1,AppClient,29,UpdateAnnouncements,Casino.UpdateAnnouncementsRequest,Casino.EmptyResponse,server update/request -> client response/ack,7,0,7,in,observed-live,20260825_182300
liveops_events,1,AppClient,33,SendAdditionalData,Casino.AdditionalDataRequest,Casino.EmptyResponse,server update/request -> client response/ack,46,0,46,in,observed-live,20260825_182300
liveops_events,1,AppClient,34,AddDciEvent,Casino.AddDciEventRequest,Casino.EmptyResponse,server update/request -> client response/ack,5,0,5,in,observed-live,20260825_182300
liveops_events,1,AppClient,35,RemoveDciEvent,Casino.RemoveDciEventRequest,Casino.EmptyResponse,server update/request -> client response/ack,0,0,0,,schema-only,
liveops_events,1,AppClient,38,NoVideoAdsForPlayer,Casino.EmptyRequest,Casino.EmptyResponse,server update/request -> client response/ack,0,0,0,,schema-only,
liveops_events,1,AppClient,39,NoReskinsOrTextsForPlayer,Casino.EmptyRequest,Casino.EmptyResponse,server update/request -> client response/ack,0,0,0,,schema-only,
liveops_events,1,AppClient,63,FeaturesInitialized,Casino.EmptyRequest,Casino.EmptyResponse,server update/request -> client response/ack,0,0,0,,schema-only,
lottery,0,AppServer,48,CollectFreeTicket,Casino.EmptyRequest,Casino.CollectFreeTicketResponse,client request -> server response/update,0,0,0,,schema-only,
lottery,0,AppServer,49,LotteryToss,Casino.LotteryTossRequest,Casino.LotteryTossResponse,client request -> server response/update,0,0,0,,schema-only,
lottery,0,AppServer,50,LotteryTutorialShown,Casino.EmptyRequest,Casino.EmptyResponse,client request -> server response/update,0,0,0,,schema-only,
lottery,0,AppServer,86,MiniGameLotteryMachine,Casino.MiniGameLotteryMachineRequest,Casino.MiniGameLotteryMachineResponse,client request -> server response/update,0,0,0,,schema-only,
lottery,1,AppClient,52,NotifyBlackLotteryMissedInfo,Casino.NotifyBlackLotteryMissedInfoRequest,Casino.EmptyResponse,server update/request -> client response/ack,0,0,0,,schema-only,
loyalty,0,AppServer,122,LoyaltyTutorialShown,Casino.EmptyRequest,Casino.EmptyResponse,client request -> server response/update,0,0,0,,schema-only,
loyalty,0,AppServer,123,LoyaltyResetShown,Casino.EmptyRequest,Casino.EmptyResponse,client request -> server response/update,0,0,0,,schema-only,
loyalty,1,AppClient,43,UpdateLoyaltyProgram,Casino.UpdateLoyaltyRequest,Casino.EmptyResponse,server update/request -> client response/ack,5,0,5,in,observed-live,20260825_182300
mini_pass,20,MiniPassServer,0,MiniPassGetMissions,Casino.MiniPassGetMissionsRequest,Casino.MiniPassGetMissionsResponse,client request -> server response/update,1,1,2,in;out,observed-live,20260825_182300
mini_pass,20,MiniPassServer,1,MiniPassGetMilestones,Casino.MiniPassGetMilestonesRequest,Casino.MiniPassGetMilestonesResponse,client request -> server response/update,0,0,0,,schema-only,
mini_pass,20,MiniPassServer,2,MiniPassNextPhase,Casino.MiniPassNextPhaseRequest,Casino.MiniPassNextPhaseResponse,client request -> server response/update,0,0,0,,schema-only,
mini_pass,20,MiniPassServer,3,MiniPassTutorialCompleted,Casino.EmptyRequest,Casino.MiniPassTutorialCompletedResponse,client request -> server response/update,1,1,2,in;out,observed-live,20260825_182300
mini_pass,24,MiniPassClient,0,MiniPassUpdate,Casino.MiniPassUpdateRequest,Casino.EmptyResponse,server update/request -> client response/ack,0,0,0,,schema-only,
mini_pass,24,MiniPassClient,1,MiniPassRemove,Casino.MiniPassRemoveRequest,Casino.EmptyResponse,server update/request -> client response/ack,0,0,0,,schema-only,
mini_pass,24,MiniPassClient,2,MiniPassMissionsUpdate,Casino.MiniPassMissionsUpdateRequest,Casino.EmptyResponse,server update/request -> client response/ack,0,0,0,,schema-only,
mini_pass,24,MiniPassClient,3,MiniPassMissionCompleted,Casino.MiniPassMissionCompletedRequest,Casino.EmptyResponse,server update/request -> client response/ack,5,0,5,in,observed-live,20260825_182300
mini_pass,24,MiniPassClient,4,MiniPassMilestoneCompleted,Casino.MiniPassMilestoneCompletedRequest,Casino.EmptyResponse,server update/request -> client response/ack,1,0,1,in,observed-live,20260825_182300
mini_pass,24,MiniPassClient,5,MiniPassSubscriptionUpdate,Casino.MiniPassSubscriptionUpdateRequest,Casino.EmptyResponse,server update/request -> client response/ack,0,0,0,,schema-only,
missions,0,AppServer,115,GetAssignmentProgress,Casino.GetAssignmentProgressRequest,Casino.GetAssignmentProgressResponse,client request -> server response/update,0,0,0,,schema-only,
missions,1,AppClient,40,UpdateAssignmentEvents,Casino.UpdateAssignmentEventsRequest,Casino.EmptyResponse,server update/request -> client response/ack,0,0,0,,schema-only,
missions,1,AppClient,41,UpdateAssignmentProgress,Casino.UpdateAssignmentProgressRequest,Casino.EmptyResponse,server update/request -> client response/ack,0,0,0,,schema-only,
non_spin_bonus,0,AppServer,111,BuyNonSpinBonus,Casino.NonSpinBonusGameProto.BuyBonusRequest,Casino.NonSpinBonusGameProto.BuyBonusResponse,client request -> server response/update,0,0,0,,schema-only,
non_spin_bonus,0,AppServer,112,GetNonSpinBonusInfo,Casino.NonSpinBonusGameProto.GetBonusInfoRequest,Casino.NonSpinBonusGameProto.GetBonusInfoResponse,client request -> server response/update,0,0,0,,schema-only,
non_spin_bonus,2,GameHost,16,GetNonSpinBonusGameData,Casino.NonSpinBonusGameProto.GetDataRequest,Casino.NonSpinBonusGameProto.GetDataResponse,game process -> host request/response,0,0,0,,schema-only,
non_spin_bonus,4,SlotsGameServer,6,TriggerNonSpinBonusGame,Casino.NonSpinBonusGameProto.GetDataRequest,Casino.EmptyResponse,client request -> server response/update,0,0,0,,schema-only,
non_spin_bonus,4,SlotsGameServer,7,FinishNonSpinBonusGame,Casino.EmptyRequest,Casino.EmptyResponse,client request -> server response/update,0,0,0,,schema-only,
non_spin_bonus,4,SlotsGameServer,9,PlayNonSpinBonusGame,Casino.SlotsProto.PlayBonusDecision,Casino.SlotsProto.SpinResponse.Bonus,client request -> server response/update,0,0,0,,schema-only,
non_spin_bonus,5,SlotsGameClient,9,OnTriggerNonSpinBonusGameResponse,Casino.NonSpinBonusGameProto.BonusResponse,Casino.EmptyResponse,server update/request -> client response/ack,0,0,0,,schema-only,
offers,0,AppServer,65,CollectShopBonus,Casino.EmptyRequest,Casino.CollectShopBonusResponse,client request -> server response/update,1,1,2,in;out,observed-live,20260825_182300
offers,0,AppServer,75,StartPersonalOffer,Casino.StartPersonalOfferRequest,Casino.StartPersonalOfferResponse,client request -> server response/update,1,1,2,in;out,observed-live,20260825_182300
offers,0,AppServer,76,DiscardPersonalOffer,Casino.EmptyRequest,Casino.EmptyResponse,client request -> server response/update,1,0,1,out,observed-live,20260825_182300
offers,0,AppServer,79,TriggerDirectPurchaseOffer,Casino.TriggerDirectPurchaseOfferRequest,Casino.TriggerDirectPurchaseOfferResponse,client request -> server response/update,2,2,4,in;out,observed-live,20260825_182300
offers,1,AppClient,10,AddPromotion,Casino.AddPromotionRequest,Casino.AddPromotionResponse,server update/request -> client response/ack,0,0,0,,schema-only,
offers,1,AppClient,11,CancelPromotion,Casino.CancelPromotionRequest,Casino.EmptyResponse,server update/request -> client response/ack,0,0,0,,schema-only,
offers,1,AppClient,23,UpdateShop,Casino.UpdateShopRequest,Casino.UpdateShopResponse,server update/request -> client response/ack,12,12,24,in;out,observed-live,20260825_182300
offers,1,AppClient,26,UpdatePersonalOfferGlobals,Casino.UpdatePersonalOfferGlobalsRequest,Casino.EmptyResponse,server update/request -> client response/ack,0,0,0,,schema-only,
offers,1,AppClient,27,AddPersonalOffer,Casino.AddPersonalOfferRequest,Casino.EmptyResponse,server update/request -> client response/ack,0,0,0,,schema-only,
offers,1,AppClient,28,CancelPersonalOffer,Casino.CancelPersonalOfferRequest,Casino.EmptyResponse,server update/request -> client response/ack,0,0,0,,schema-only,
offers,1,AppClient,30,UpdateDirectPurchaseOffer,Casino.UpdateDirectPurchaseOfferRequest,Casino.EmptyResponse,server update/request -> client response/ack,0,0,0,,schema-only,
offers,1,AppClient,50,OfferTrailUpdate,Casino.OfferTrail.UpdateRequest,Casino.EmptyResponse,server update/request -> client response/ack,1,0,1,in,observed-live,20260825_182300
offers,1,AppClient,51,OfferTrailCancel,Casino.OfferTrail.CancelRequest,Casino.EmptyResponse,server update/request -> client response/ack,0,0,0,,schema-only,
offers,1,AppClient,57,ReloadOffers,Casino.ReloadOfferRequest,Casino.EmptyResponse,server update/request -> client response/ack,0,0,0,,schema-only,
offers,26,OfferServer,0,GetTileShop,Casino.EmptyRequest,Casino.TileShopResponse,client request -> server response/update,0,0,0,,schema-only,
other_protocol,0,AppServer,17,UpdateFacebookToken,Casino.UpdateFacebookTokenRequest,Casino.UpdateFacebookTokenResponse,client request -> server response/update,0,0,0,,schema-only,
other_protocol,0,AppServer,18,SendChatMessage,Casino.SendChatMessageRequest,Casino.EmptyResponse,client request -> server response/update,0,0,0,,schema-only,
other_protocol,0,AppServer,27,ExecuteCommand,Casino.ExecuteCommandRequest,Casino.ExecuteCommandResponse,client request -> server response/update,0,0,0,,schema-only,
other_protocol,0,AppServer,58,MissedInfoRead,Casino.MissedInfoReadRequest,Casino.MissedInfoReadResponse,client request -> server response/update,0,0,0,,schema-only,
other_protocol,0,AppServer,67,UpdatePushNotificationStatus,Casino.UpdatePushNotificationStatusRequest,Casino.UpdatePushNotificationStatusResponse,client request -> server response/update,0,0,0,,schema-only,
other_protocol,0,AppServer,68,GetPushNotificationCategories,Casino.EmptyRequest,Casino.GetPushNotificationCategoriesResponse,client request -> server response/update,0,0,0,,schema-only,
other_protocol,0,AppServer,69,SetPushNotificationCategories,Casino.SetPushNotificationCategoriesRequest,Casino.SetPushNotificationCategoriesResponse,client request -> server response/update,0,0,0,,schema-only,
other_protocol,0,AppServer,137,VerifyPlayerIdentity,Casino.VerifyPlayerIdentityRequest,Casino.VerifyPlayerIdentityResponse,client request -> server response/update,0,0,0,,schema-only,
other_protocol,0,AppServer,146,GetExtraItems,Casino.GetExtraItemsRequest,Casino.GetExtraItemsResponse,client request -> server response/update,0,0,0,,schema-only,
other_protocol,0,AppServer,149,SimpleRateUsTriggered,Casino.SimpleRateUsTriggeredRequest,Casino.SimpleRateUsTriggeredResponse,client request -> server response/update,0,0,0,,schema-only,
other_protocol,1,AppClient,1,LogMessage,Casino.LogMessageRequest,Casino.EmptyResponse,server update/request -> client response/ack,0,0,0,,schema-only,
other_protocol,1,AppClient,25,AddCet,Casino.AddCetRequest,Casino.EmptyResponse,server update/request -> client response/ack,0,0,0,,schema-only,
other_protocol,1,AppClient,64,SimpleRateUsInit,Casino.SimpleRateUsInitRequest,Casino.EmptyResponse,server update/request -> client response/ack,0,0,0,,schema-only,
personal_awards,2,GameHost,14,UpdatePersonalAwardsProgress,Casino.PersonalAwardsProto.UpdateProgressRequest,Casino.PersonalAwardsProto.UpdateProgressResponse,game process -> host request/response,0,0,0,,schema-only,
personal_awards,2,GameHost,15,GetPersonalAwardsProgress,Casino.PersonalAwardsProto.GetProgressRequest,Casino.PersonalAwardsProto.GetProgressResponse,game process -> host request/response,0,0,0,,schema-only,
platform_diagnostics,33,ProxyTestServer,0,ReturnOk,Casino.ProxyExampleRequest,Casino.ProxyExampleResponse,diagnostic/test request -> response,0,0,0,,schema-only,
platform_diagnostics,33,ProxyTestServer,1,ReturnError,Casino.ProxyExampleRequest,Casino.ProxyExampleResponse,diagnostic/test request -> response,0,0,0,,schema-only,
platform_diagnostics,33,ProxyTestServer,2,ThrowException,Casino.ProxyExampleRequest,Casino.ProxyExampleResponse,diagnostic/test request -> response,0,0,0,,schema-only,
platform_diagnostics,33,ProxyTestServer,3,BigPayload,Casino.BigPayloadIn,Casino.BigPayloadOut,diagnostic/test request -> response,0,0,0,,schema-only,
platform_diagnostics,33,ProxyTestServer,4,EmptyResponseBody,Casino.ProxyExampleRequest,Casino.EmptyResponse,diagnostic/test request -> response,0,0,0,,schema-only,
platform_diagnostics,33,ProxyTestServer,5,EmptyRequestBody,Casino.EmptyRequest,Casino.ProxyExampleResponse,diagnostic/test request -> response,0,0,0,,schema-only,
platform_diagnostics,33,ProxyTestServer,6,VoidResponse,Casino.ProxyExampleRequest,Casino.EmptyResponse,diagnostic/test request -> response,0,0,0,,schema-only,
platform_diagnostics,33,ProxyTestServer,7,VoidRequest,Casino.EmptyRequest,Casino.ProxyExampleResponse,diagnostic/test request -> response,0,0,0,,schema-only,
platform_diagnostics,33,ProxyTestServer,8,BigNumberTest,Casino.BigNumberExampleRequest,Casino.BigNumberExampleResponse,diagnostic/test request -> response,0,0,0,,schema-only,
platform_diagnostics,33,ProxyTestServer,9,BigNumberResponse,Casino.BigNumberExampleResponse,Casino.BigNumberExampleResponse,diagnostic/test request -> response,0,0,0,,schema-only,
platform_diagnostics,33,ProxyTestServer,10,NestedBigNumber,Casino.NestedBigNumberResponse,Casino.NestedBigNumberResponse,diagnostic/test request -> response,0,0,0,,schema-only,
player_lobby,0,AppServer,0,Connect,Casino.ConnectRequest,Casino.ConnectResponse,client request -> server response/update,0,0,0,,schema-only,
player_lobby,0,AppServer,1,Disconnect,Casino.DisconnectRequest,Casino.DisconnectResponse,client request -> server response/update,0,0,0,,schema-only,
player_lobby,0,AppServer,6,QueryPlayer,Casino.QueryPlayerRequest,Casino.QueryPlayerResponse,client request -> server response/update,1,1,2,in;out,observed-live,20260825_182300
player_lobby,0,AppServer,7,EditProfile,Casino.EditProfileRequest,Casino.EditProfileResponse,client request -> server response/update,0,0,0,,schema-only,
player_lobby,0,AppServer,8,GetPlayerList,Casino.GetPlayerListRequest,Casino.GetPlayerListResponse,client request -> server response/update,48,48,96,in;out,observed-live,20260825_182300
player_lobby,0,AppServer,9,LikePlayer,Casino.LikePlayerRequest,Casino.LikePlayerResponse,client request -> server response/update,1,1,2,in;out,observed-live,20260825_182300
player_lobby,0,AppServer,10,GetLeaderboard,Casino.GetLeaderboardRequest,Casino.GetLeaderboardResponse,client request -> server response/update,0,0,0,,schema-only,
player_lobby,0,AppServer,11,GetFriends,Casino.EmptyRequest,Casino.GetFriendsResponse,client request -> server response/update,0,0,0,,schema-only,
player_lobby,0,AppServer,12,AddFriend,Casino.AddFriendRequest,Casino.AddFriendResponse,client request -> server response/update,0,0,0,,schema-only,
player_lobby,0,AppServer,13,GetFriendRequests,Casino.EmptyRequest,Casino.GetFriendRequestsResponse,client request -> server response/update,0,0,0,,schema-only,
player_lobby,0,AppServer,14,RemoveFriend,Casino.RemoveFriendRequest,Casino.RemoveFriendResponse,client request -> server response/update,0,0,0,,schema-only,
player_lobby,0,AppServer,15,InviteFriendToGame,Casino.InviteFriendToGameRequest,Casino.InviteFriendToGameResponse,client request -> server response/update,0,0,0,,schema-only,
player_lobby,0,AppServer,20,CheckFriends,Casino.CheckFriendsRequest,Casino.CheckFriendsResponse,client request -> server response/update,0,0,0,,schema-only,
player_lobby,0,AppServer,25,SyncTime,Casino.EmptyRequest,Casino.SyncTimeResponse,client request -> server response/update,1,1,2,in;out,observed-live,20260825_182300
player_lobby,0,AppServer,28,ResetUserInactivity,Casino.ResetUserInactivityRequest,Casino.EmptyResponse,client request -> server response/update,140,0,140,out,observed-live,20260825_182300
player_lobby,0,AppServer,31,ReadMessageBoard,Casino.ReadMessageBoardRequest,Casino.ReadMessageBoardResponse,client request -> server response/update,0,0,0,,schema-only,
player_lobby,0,AppServer,64,MutePlayer,Casino.MutePlayerRequest,Casino.MutePlayerResponse,client request -> server response/update,0,0,0,,schema-only,
player_lobby,0,AppServer,70,SubscribeFriendNotifications,Casino.SubscribeFriendNotificationsRequest,Casino.SubscribeFriendNotificationsResponse,client request -> server response/update,0,0,0,,schema-only,
player_lobby,0,AppServer,71,FocusChange,Casino.FocusChangeRequest,Casino.EmptyResponse,client request -> server response/update,2,0,2,out,observed-live,20260825_182300
player_lobby,1,AppClient,0,Handshake,Casino.HandshakeRequest,Casino.HandshakeResponse,server update/request -> client response/ack,0,0,0,,schema-only,
player_lobby,1,AppClient,2,FriendRequestNotification,Casino.FriendRequestNotificationRequest,Casino.EmptyResponse,server update/request -> client response/ack,0,0,0,,schema-only,
player_lobby,1,AppClient,3,GameInvite,Casino.GameInviteRequest,Casino.EmptyResponse,server update/request -> client response/ack,0,0,0,,schema-only,
player_lobby,1,AppClient,4,ChatMessage,Casino.ChatMessageRequest,Casino.EmptyResponse,server update/request -> client response/ack,0,0,0,,schema-only,
player_lobby,1,AppClient,5,Disconnect,Casino.DisconnectRequest,Casino.DisconnectResponse,server update/request -> client response/ack,0,0,0,,schema-only,
player_lobby,1,AppClient,9,LikeNotify,Casino.LikeNotifyRequest,Casino.EmptyResponse,server update/request -> client response/ack,1,0,1,in,observed-live,20260825_182300
player_lobby,1,AppClient,12,ForceLeaveGame,Casino.ForceLeaveGameRequest,Casino.EmptyResponse,server update/request -> client response/ack,0,0,0,,schema-only,
player_lobby,1,AppClient,13,FriendOnline,Casino.FriendOnlineRequest,Casino.EmptyResponse,server update/request -> client response/ack,0,0,0,,schema-only,
player_lobby,1,AppClient,15,ChatMessageHistory,Casino.ChatMessageHistoryRequest,Casino.EmptyResponse,server update/request -> client response/ack,0,0,0,,schema-only,
player_lobby,1,AppClient,58,DelayedReconnection,Casino.DelayedReconnectionRequest,Casino.EmptyResponse,server update/request -> client response/ack,0,0,0,,schema-only,
progression,1,AppClient,8,UpdateProgress,Casino.UpdateProgressRequest,Casino.EmptyResponse,server update/request -> client response/ack,59,0,59,in,observed-live,20260825_182300
progression,1,AppClient,14,UpdateFame,Casino.UpdateFameRequest,Casino.EmptyResponse,server update/request -> client response/ack,4,0,4,in,observed-live,20260825_182300
progression,1,AppClient,60,UpdateGameEvent,Casino.UpdateGameEventRequest,Casino.EmptyResponse,server update/request -> client response/ack,0,0,0,,schema-only,
progression,1,AppClient,65,UpdateBets,Casino.UpdateBetsRequest,Casino.EmptyResponse,server update/request -> client response/ack,0,0,0,,schema-only,
progression,3,GameServer,9,PlayerUpdateProfile,Casino.PlayerUpdateProfileRequest,Casino.EmptyResponse,client request -> server response/update,0,0,0,,schema-only,
progression,3,GameServer,10,PlayerUpdateBets,Casino.PlayerUpdateBetsRequest,Casino.EmptyResponse,client request -> server response/update,0,0,0,,schema-only,
progression,3,GameServer,15,StartLeaguePoints,Casino.StartLeaguePointsRequest,Casino.EmptyResponse,client request -> server response/update,0,0,0,,schema-only,
progression,3,GameServer,16,EndLeaguePoints,Casino.EmptyRequest,Casino.EmptyResponse,client request -> server response/update,0,0,0,,schema-only,
purchases,0,AppServer,19,MakeInAppPurchase,Casino.MakeInAppPurchaseRequest,Casino.MakeInAppPurchaseResponse,client request -> server response/update,2,2,4,in;out,observed-live,20260825_182300
purchases,0,AppServer,119,LocalizePrices,Casino.LocalizePricesRequest,Casino.LocalizePricesResponse,client request -> server response/update,0,0,0,,schema-only,
purchases,0,AppServer,120,ValidatePostalCode,Casino.ValidatePostalCodeRequest,Casino.ValidatePostalCodeResponse,client request -> server response/update,0,0,0,,schema-only,
purchases,0,AppServer,126,VouchersMakePurchase,Casino.VouchersMakePurchaseRequest,Casino.VouchersMakePurchaseResponse,client request -> server response/update,0,0,0,,schema-only,
purchases,1,AppClient,59,PendingExternalSdkPurchase,Casino.PendingExternalSdkPurchaseRequest,Casino.EmptyResponse,server update/request -> client response/ack,0,0,0,,schema-only,
purchases,23,AppchargeClient,0,HuuugePayPendingPurchase,Casino.HuuugePayPendingPurchaseRequest,Casino.EmptyResponse,server update/request -> client response/ack,0,0,0,,schema-only,
purchases,23,AppchargeClient,1,NotifyPendingBundles,Casino.NotifyPendingBundlesRequest,Casino.EmptyResponse,server update/request -> client response/ack,0,0,0,,schema-only,
purchases,27,PurchaseServer,0,GetLocalizedPricePoints,Casino.LocalizedPricePointsRequest,Casino.LocalizedPricePointsResponse,client request -> server response/update,0,0,0,,schema-only,
purchases,28,PurchaseClient,0,NotifyPurchasePaid,Casino.NotifyPurchasePaidRequest,Casino.EmptyResponse,server update/request -> client response/ack,0,0,0,,schema-only,
race,18,RaceServer,0,RaceGetLeaderboards,Casino.RaceProto.GetLeaderboardsRequest,Casino.RaceProto.GetLeaderboardsResponse,client request -> server response/update,0,0,0,,schema-only,
race,18,RaceServer,1,RaceGetDetailedLeaderboard,Casino.RaceProto.RaceGetDetailedLeaderboardRequest,Casino.RaceProto.RaceGetDetailedLeaderboardResponse,client request -> server response/update,0,0,0,,schema-only,
race,21,RaceClient,0,RaceUpdateStatus,Casino.RaceProto.RaceUpdateStatusRequest,Casino.EmptyResponse,server update/request -> client response/ack,0,0,0,,schema-only,
rewards,0,AppServer,21,BuyGift,Casino.BuyGiftRequest,Casino.BuyGiftResponse,client request -> server response/update,0,0,0,,schema-only,
rewards,0,AppServer,23,CollectHourlyBonus,Casino.EmptyRequest,Casino.CollectHourlyBonusResponse,client request -> server response/update,1,1,2,in;out,observed-live,20260825_182300
rewards,0,AppServer,26,CollectDailyBonus,Casino.EmptyRequest,Casino.CollectDailyBonusResponse,client request -> server response/update,0,0,0,,schema-only,
rewards,0,AppServer,29,CollectRateUsBonus,Casino.EmptyRequest,Casino.CollectRateUsBonusResponse,client request -> server response/update,0,0,0,,schema-only,
rewards,0,AppServer,52,ConsumeToken,Casino.ConsumeTokenRequest,Casino.ConsumeTokenResponse,client request -> server response/update,0,0,0,,schema-only,
rewards,0,AppServer,53,CollectMysteryReward,Casino.EmptyRequest,Casino.CollectMysteryRewardResponse,client request -> server response/update,5,5,10,in;out,observed-live,20260825_182300
rewards,0,AppServer,55,CollectFreeDiamonds,Casino.EmptyRequest,Casino.CollectFreeDiamondsResponse,client request -> server response/update,1,1,2,in;out,observed-live,20260825_182300
rewards,0,AppServer,57,CollectBankBonus,Casino.EmptyRequest,Casino.CollectBankBonusResponse,client request -> server response/update,0,0,0,,schema-only,
rewards,0,AppServer,116,ClaimRewardBundle,Casino.ClaimRewardBundleRequest,Casino.ClaimRewardBundleResponse,client request -> server response/update,0,0,0,,schema-only,
rewards,0,AppServer,144,ClaimRewardBundleBulk,Casino.ClaimRewardBundleBulkRequest,Casino.ClaimRewardBundleBulkResponse,client request -> server response/update,1,1,2,in;out,observed-live,20260825_182300
rewards,0,AppServer,145,LiteModeCollectFreeChips,Casino.EmptyRequest,Casino.LiteModeCollectFreeChipsResponse,client request -> server response/update,0,0,0,,schema-only,
rewards,1,AppClient,6,UpdateGift,Casino.UpdateGiftRequest,Casino.EmptyResponse,server update/request -> client response/ack,1,0,1,in,observed-live,20260825_182300
rewards,1,AppClient,7,ConfirmFreeGiftRound,Casino.ConfirmFreeGiftRoundRequest,Casino.ConfirmFreeGiftRoundResponse,server update/request -> client response/ack,1,1,2,in;out,observed-live,20260825_182300
rewards,1,AppClient,16,Surprise,Casino.SurpriseRequest,Casino.EmptyResponse,server update/request -> client response/ack,0,0,0,,schema-only,
rewards,1,AppClient,17,ReceiveReward,Casino.ReceiveRewardRequest,Casino.EmptyResponse,server update/request -> client response/ack,0,0,0,,schema-only,
rewards,1,AppClient,18,BreakPiggyBank,Casino.BreakPiggyBankRequest,Casino.EmptyResponse,server update/request -> client response/ack,0,0,0,,schema-only,
rewards,1,AppClient,31,UpdateBankBonus,Casino.UpdateBankBonusRequest,Casino.EmptyResponse,server update/request -> client response/ack,0,0,0,,schema-only,
rewards,1,AppClient,42,NotifyRewardBundles,Casino.NotifyRewardBundlesRequest,Casino.EmptyResponse,server update/request -> client response/ack,0,0,0,,schema-only,
rewards,1,AppClient,44,UpdateNextMysteryReward,Casino.UpdateNextMysteryRewardRequest,Casino.EmptyResponse,server update/request -> client response/ack,0,0,0,,schema-only,
rewards,2,GameHost,10,GiveFreeGiftRound,Casino.GiveFreeGiftRoundRequest,Casino.EmptyResponse,game process -> host request/response,0,0,0,,schema-only,
rewards,17,CommonGameClient,0,SendLeaguePointBonusData,Casino.LeaguePointBonus,Casino.EmptyResponse,server update/request -> client response/ack,0,0,0,,schema-only,
roulette,12,RouletteGameServer,0,AddBet,Casino.RouletteProto.AddBetReq,Casino.RouletteProto.ConfirmRes,client request -> server response/update,0,0,0,,schema-only,
roulette,12,RouletteGameServer,1,Ready,Casino.RouletteProto.ReadyReq,Casino.EmptyResponse,client request -> server response/update,0,0,0,,schema-only,
roulette,13,RouletteGameClient,0,RoomUsers,Casino.RouletteProto.UsersListReq,Casino.EmptyResponse,server update/request -> client response/ack,0,0,0,,schema-only,
roulette,13,RouletteGameClient,1,StartPlacingBets,Casino.RouletteProto.StartBettingReq,Casino.EmptyResponse,server update/request -> client response/ack,0,0,0,,schema-only,
roulette,13,RouletteGameClient,2,UpdateBets,Casino.RouletteProto.UpdateBetsReq,Casino.EmptyResponse,server update/request -> client response/ack,0,0,0,,schema-only,
roulette,13,RouletteGameClient,3,Payout,Casino.RouletteProto.PayoutReq,Casino.EmptyResponse,server update/request -> client response/ack,0,0,0,,schema-only,
slots,0,AppServer,3,JoinGame,Casino.JoinGameRequest,Casino.JoinGameResponse,client request -> server response/update,2,2,4,in;out,observed-live,20260825_182300
slots,0,AppServer,4,LeaveGame,Casino.EmptyRequest,Casino.LeaveGameResponse,client request -> server response/update,2,2,4,in;out,observed-live,20260825_182300
slots,0,AppServer,5,ListGames,Casino.ListGamesRequest,Casino.ListGamesResponse,client request -> server response/update,2,2,4,in;out,observed-live,20260825_182300
slots,0,AppServer,22,QueryGamePlayer,Casino.QueryGamePlayerRequest,Casino.QueryGamePlayerResponse,client request -> server response/update,2,2,4,in;out,observed-live,20260825_182300
slots,0,AppServer,24,QueryGame,Casino.QueryGameRequest,Casino.QueryGameResponse,client request -> server response/update,6,6,12,in;out,observed-live,20260825_182300
slots,0,AppServer,30,GetJackpotValues,Casino.GetJackpotValuesRequest,Casino.GetJackpotValuesResponse,client request -> server response/update,30,30,60,in;out,observed-live,20260825_182300
slots,0,AppServer,51,GetGamePlayerCount,Casino.GetGamePlayerCountRequest,Casino.GetGamePlayerCountResponse,client request -> server response/update,0,0,0,,schema-only,
slots,0,AppServer,54,PinGame,Casino.PinGameRequest,Casino.PinGameResponse,client request -> server response/update,0,0,0,,schema-only,
slots,0,AppServer,56,UnlockGame,Casino.UnlockGameRequest,Casino.UnlockGameResponse,client request -> server response/update,0,0,0,,schema-only,
slots,0,AppServer,72,QueryGameFamily,Casino.QueryGameFamilyRequest,Casino.QueryGameFamilyResponse,client request -> server response/update,0,0,0,,schema-only,
slots,2,GameHost,6,JackpotInit,Casino.JackpotInitRequest,Casino.EmptyResponse,game process -> host request/response,0,0,0,,schema-only,
slots,2,GameHost,7,JackpotIncr,Casino.JackpotIncrRequest,Casino.EmptyResponse,game process -> host request/response,0,0,0,,schema-only,
slots,2,GameHost,8,JackpotGet,Casino.JackpotGetRequest,Casino.JackpotGetResponse,game process -> host request/response,0,0,0,,schema-only,
slots,2,GameHost,9,JackpotHit,Casino.JackpotHitRequest,Casino.JackpotHitResponse,game process -> host request/response,0,0,0,,schema-only,
slots,2,GameHost,17,SpinResult,Casino.SlotsProto.SpinInfoRequest,Casino.EmptyResponse,game process -> host request/response,0,0,0,,schema-only,
slots,4,SlotsGameServer,0,Spin,Casino.SlotsProto.SpinRequest,Casino.SlotsProto.SpinResponse,client request -> server response/update,29,29,58,in;out,observed-live,20260825_182300
slots,4,SlotsGameServer,1,FreeSpin,Casino.EmptyRequest,Casino.SlotsProto.SpinResponse,client request -> server response/update,0,0,0,,schema-only,
slots,4,SlotsGameServer,2,BonusChoicesWithPrizes,Casino.EmptyRequest,Casino.EmptyResponse,client request -> server response/update,0,0,0,,schema-only,
slots,4,SlotsGameServer,3,BonusFinished,Casino.EmptyRequest,Casino.EmptyResponse,client request -> server response/update,0,0,0,,schema-only,
slots,4,SlotsGameServer,4,ChoiceBonus,Casino.SlotsProto.ChoiceSelection,Casino.SlotsProto.SpinResponse.FreeSpins,client request -> server response/update,0,0,0,,schema-only,
slots,4,SlotsGameServer,5,PlayBonus,Casino.SlotsProto.PlayBonusDecision,Casino.SlotsProto.SpinResponse.Bonus,client request -> server response/update,0,0,0,,schema-only,
slots,4,SlotsGameServer,8,UpdateTimers,Casino.SlotsProto.UpdateTimersRequest,Casino.EmptyResponse,client request -> server response/update,0,0,0,,schema-only,
slots,5,SlotsGameClient,0,RoomUsers,Casino.SlotsProto.UserList,Casino.EmptyResponse,server update/request -> client response/ack,116,0,116,in,observed-live,20260825_182300
slots,5,SlotsGameClient,1,UpdateJackpot,Casino.SlotsProto.JackpotList,Casino.EmptyResponse,server update/request -> client response/ack,26,0,26,in,observed-live,20260825_182300
slots,5,SlotsGameClient,2,HitJackpot,Casino.SlotsProto.JackpotList,Casino.EmptyResponse,server update/request -> client response/ack,0,0,0,,schema-only,
slots,5,SlotsGameClient,3,HitSharedJackpot,Casino.SlotsProto.JackpotList,Casino.EmptyResponse,server update/request -> client response/ack,0,0,0,,schema-only,
slots,5,SlotsGameClient,4,UpdateSharedFreeSpins,Casino.SlotsProto.SharedFreeSpins,Casino.EmptyResponse,server update/request -> client response/ack,0,0,0,,schema-only,
slots,5,SlotsGameClient,5,HitSharedFreeSpins,Casino.SlotsProto.SharedFreeSpins,Casino.EmptyResponse,server update/request -> client response/ack,0,0,0,,schema-only,
slots,5,SlotsGameClient,6,UpdateSocialBonus,Casino.SlotsProto.SocialBonus,Casino.EmptyResponse,server update/request -> client response/ack,0,0,0,,schema-only,
slots,5,SlotsGameClient,7,HitSocialBonus,Casino.SlotsProto.SocialBonus,Casino.EmptyResponse,server update/request -> client response/ack,0,0,0,,schema-only,
slots,5,SlotsGameClient,8,UpdatePersonalState,Casino.SlotsProto.PersonalState,Casino.EmptyResponse,server update/request -> client response/ack,0,0,0,,schema-only,
slots,5,SlotsGameClient,10,UpdateTimers,Casino.SlotsProto.TimerList,Casino.EmptyResponse,server update/request -> client response/ack,0,0,0,,schema-only,
social,25,ExperimentalSocialRecommendationsServer,0,GetInviteToken,Casino.EmptyRequest,Casino.Experimental.SocialRecommendations.GetInviteTokenResponse,client request -> server response/update,0,0,0,,schema-only,
social,25,ExperimentalSocialRecommendationsServer,1,InviteTokenUsed,Casino.Experimental.SocialRecommendations.InviteTokenUsedRequest,Casino.EmptyResponse,client request -> server response/update,0,0,0,,schema-only,
sweepstakes,0,AppServer,134,SweepstakesGetCompletedDraws,Casino.EmptyRequest,Casino.SweepstakesGetCompletedDrawsResponse,client request -> server response/update,0,0,0,,schema-only,
sweepstakes,0,AppServer,135,SweepstakesJoinDraw,Casino.SweepstakesJoinDrawRequest,Casino.SweepstakesJoinDrawResponse,client request -> server response/update,0,0,0,,schema-only,
sweepstakes,0,AppServer,136,SweepstakesUpdatePublishWinnerDataConsent,Casino.SweepstakesUpdatePublishWinnerDataConsentRequest,Casino.SweepstakesUpdatePublishWinnerDataConsentResponse,client request -> server response/update,0,0,0,,schema-only,
sweepstakes,0,AppServer,138,SweepstakesTutorialCompleted,Casino.EmptyRequest,Casino.SweepstakesTutorialCompletedResponse,client request -> server response/update,0,0,0,,schema-only,
sweepstakes,1,AppClient,46,SweepstakesUpdate,Casino.SweepstakesUpdateRequest,Casino.EmptyResponse,server update/request -> client response/ack,0,0,0,,schema-only,
sweepstakes,1,AppClient,47,SweepstakesTicketsUpdate,Casino.SweepstakesTicketsUpdateRequest,Casino.EmptyResponse,server update/request -> client response/ack,0,0,0,,schema-only,
texas_poker,14,TexasGameServer,0,PerformAction,Casino.TexasProto.PerformAction,Casino.EmptyResponse,client request -> server response/update,0,0,0,,schema-only,
texas_poker,14,TexasGameServer,1,TipDealer,Casino.TexasProto.TipDealer,Casino.EmptyResponse,client request -> server response/update,0,0,0,,schema-only,
texas_poker,14,TexasGameServer,2,ReBuy,Casino.TexasProto.ReBuyReq,Casino.TexasProto.ReBuyRes,client request -> server response/update,0,0,0,,schema-only,
texas_poker,14,TexasGameServer,3,UpdateAutoAction,Casino.TexasProto.AutoAction,Casino.EmptyResponse,client request -> server response/update,0,0,0,,schema-only,
texas_poker,14,TexasGameServer,4,SetReady,Casino.EmptyRequest,Casino.EmptyResponse,client request -> server response/update,0,0,0,,schema-only,
texas_poker,15,TexasGameClient,0,UpdateGame,Casino.TexasProto.UpdateGame,Casino.EmptyResponse,server update/request -> client response/ack,0,0,0,,schema-only,
texas_poker,15,TexasGameClient,1,NotifyTipDealer,Casino.TexasProto.TipDealerNotify,Casino.EmptyResponse,server update/request -> client response/ack,0,0,0,,schema-only,
texas_poker,15,TexasGameClient,2,CollectBuyin,Casino.TexasProto.CollectBuyinReq,Casino.EmptyResponse,server update/request -> client response/ack,0,0,0,,schema-only,
texas_poker,15,TexasGameClient,3,FinishTournament,Casino.TexasProto.FinishTournamentReq,Casino.EmptyResponse,server update/request -> client response/ack,0,0,0,,schema-only,
texas_poker,15,TexasGameClient,4,NextBlinds,Casino.TexasProto.NextBlindsReq,Casino.EmptyResponse,server update/request -> client response/ack,0,0,0,,schema-only,
tournaments,0,AppServer,124,ContentTournamentGetState,Casino.EmptyRequest,Casino.ContentTournamentProto.GetStateResponse,client request -> server response/update,0,0,0,,schema-only,
tournaments,0,AppServer,125,ContentTournamentGetLeaderboards,Casino.ContentTournamentProto.GetLeaderboardsRequest,Casino.ContentTournamentProto.GetLeaderboardsResponse,client request -> server response/update,0,0,0,,schema-only,
vault,0,AppServer,88,GetVault,Casino.EmptyRequest,Casino.GetVaultResponse,client request -> server response/update,0,0,0,,schema-only,
vault,0,AppServer,147,NewVaultConfigRead,Casino.EmptyRequest,Casino.EmptyResponse,client request -> server response/update,0,0,0,,schema-only,
vault,1,AppClient,48,VaultUpdate,Casino.VaultUpdateRequest,Casino.EmptyResponse,server update/request -> client response/ack,5,0,5,in,observed-live,20260825_182300
vault,1,AppClient,49,VaultProgressUpdate,Casino.VaultProgressUpdateRequest,Casino.EmptyResponse,server update/request -> client response/ack,0,0,0,,schema-only,
video_poker,10,VideoPokerGameClient,0,RoomUsers,Casino.VideoPokerProto.UserList,Casino.EmptyResponse,server update/request -> client response/ack,0,0,0,,schema-only,
video_poker,10,VideoPokerGameClient,1,UpdateJackpot,Casino.VideoPokerProto.JackpotList,Casino.EmptyResponse,server update/request -> client response/ack,0,0,0,,schema-only,
video_poker,10,VideoPokerGameClient,2,HitJackpot,Casino.VideoPokerProto.JackpotList,Casino.EmptyResponse,server update/request -> client response/ack,0,0,0,,schema-only,
video_poker,11,VideoPokerGameServer,0,DrawNewHand,Casino.VideoPokerProto.DrawNewHandRequest,Casino.VideoPokerProto.DrawNewHandResponse,client request -> server response/update,0,0,0,,schema-only,
video_poker,11,VideoPokerGameServer,1,DrawSecondHand,Casino.VideoPokerProto.DrawSecondHandRequest,Casino.VideoPokerProto.DrawSecondHandResponse,client request -> server response/update,0,0,0,,schema-only,
video_poker,11,VideoPokerGameServer,2,StartDoubleMode,Casino.EmptyRequest,Casino.VideoPokerProto.StartDoubleModeResponse,client request -> server response/update,0,0,0,,schema-only,
video_poker,11,VideoPokerGameServer,3,SelectDoubleModeCard,Casino.VideoPokerProto.SelectDoubleModeCardRequest,Casino.VideoPokerProto.SelectDoubleModeCardResponse,client request -> server response/update,0,0,0,,schema-only,
vouchers,0,AppServer,127,VouchersTutorialShown,Casino.EmptyRequest,Casino.EmptyResponse,client request -> server response/update,0,0,0,,schema-only,
