module_id,module,status,completion_score,completion_label,schema_proto_count,schema_message_count,schema_endpoint_count,live_endpoint_count,live_sample_count,crosscutting_live_sample_count,live_field_path_count,proto_files,services,zpk_asset_count,next_action
slots,Slots / Lobby / Spin / Jackpot,live-confirmed,90,substantial live structure,8,90,32,12,3118,0,94,AppClient.proto;AppServer.proto;Clubs.proto;GameHost.proto;NonSpinBonusGame.proto;Services.proto;Slots.proto;VideoPoker.proto,AppServer;GameHost;SlotsGameClient;SlotsGameServer,17,"Open the slot lobby, enter two named machines, mark each entry and change the bet once."
lottery,Lottery / Draw / Ticket,live-confirmed (cross-cutting/config only),65,partial live structure,5,29,5,0,0,70,54,AppClient.proto;AppServer.proto;Common.proto;Lottery.proto;Services.proto,AppClient;AppServer,1,Open every visible lottery/draw/ticket screen and mark the screen name.
missions,Missions / Quests / Daily-Weekly Tasks,live-confirmed,75,substantial live structure,4,16,3,2,9,0,31,AppClient.proto;AppServer.proto;Common.proto;Services.proto,AppClient;AppServer,0,"Open daily, weekly and general mission/quest panels separately and mark each tab."
battle_pass,Battle Pass,live-confirmed,75,substantial live structure,3,27,9,2,46,0,208,BattlePass.proto;Common.proto;Services.proto,AppClient;AppServer,1,"When an eligible account is available, open the Battle Pass main screen, reward track and daily/weekly mission tabs with markers."
mini_pass,MiniPass,schema-only / live sample pending,30,schema skeleton,4,24,10,0,0,0,0,AppServer.proto;Common.proto;MiniPass.proto;Services.proto,MiniPassClient;MiniPassServer,0,"Open MiniPass main, missions and milestone/reward-track screens with separate markers."
vault,Vault,live-confirmed,75,substantial live structure,5,18,4,2,607,0,41,AppClient.proto;AppServer.proto;Common.proto;Services.proto;Vault.proto,AppClient;AppServer,3,Open Vault main/detail/help screens and mark each view.
collection,Collection / Collection Event / Club Set,live-confirmed (cross-cutting/config only),65,partial live structure,4,39,7,0,0,188,248,AppClient.proto;AppServer.proto;Common.proto;Services.proto,AppClient;AppServer,3,"Open Collection Event, collection album/theme and any Club Set screen with markers."
conquest,Conquest,schema-only / live sample pending,35,schema skeleton,4,29,6,0,0,0,0,AppClient.proto;AppServer.proto;Common.proto;Services.proto,AppClient;AppServer,1,"Open the Conquest map, arena, slot/challenge and summary/leaderboard screens with markers."
charms,Charms / Trading,live-confirmed,75,substantial live structure,4,43,12,1,31,117,118,AppClient.proto;AppServer.proto;Common.proto;Services.proto,AppClient;AppServer,2,"Open Charms collection, milestones, pack/box and trading screens with markers."
loyalty,Loyalty / VIP,live-confirmed,75,substantial live structure,2,7,3,1,63,210,33,AppClient.proto;Services.proto,AppClient;AppServer,1,"Open the Loyalty/VIP overview, tier benefits and progress/history screens with markers."
clubs,Clubs / Social Club Progression,live-confirmed (cross-cutting/config only),65,partial live structure,3,79,28,0,0,27,10,Clubs.proto;Common.proto;Services.proto,AppClient;AppServer,7,"Open club home, member list, wall/chat, events, league/season and donation screens with markers."
offers,Offers / Shop / Bundles,live-confirmed,90,substantial live structure,5,62,15,8,148,6,256,AppClient.proto;AppServer.proto;Common.proto;Offers.proto;Services.proto,AppClient;AppServer;OfferServer,20,"Open main shop, each offer family, bundle detail, personal offer, Offer Trail and Tile Shop with markers."
purchases,Purchase / Checkout / Price Localization,live-confirmed (cross-cutting/config only),65,partial live structure,6,32,9,0,0,74,50,AppCharge.proto;AppClient.proto;AppServer.proto;Purchases.proto;Services.proto;Vouchers.proto,AppClient;AppServer;AppchargeClient;PurchaseClient;PurchaseServer,12,"Open purchase detail and proceed only to the platform checkout preview, then cancel before authorization."
rewards,Rewards / Mystery / Hourly / Free Gift,live-confirmed,90,substantial live structure,15,111,21,5,137,861,509,Adventure.proto;AppClient.proto;AppServer.proto;BattlePass.proto;Clubs.proto;Common.proto;CommonGameClient.proto;GameHost.proto;Lottery.proto;MiniPass.proto;NonSpinBonusGame.proto;Race.proto;Services.proto;Slots.proto;Sweepstakes.proto,AppClient;AppServer;CommonGameClient;GameHost,4,"Open hourly/daily/shop bonus, mystery reward and free-gift surfaces with markers."
progression,Fame / Level / General Progression,live-confirmed,85,substantial live structure,13,54,8,3,761,814,163,AppClient.proto;AppServer.proto;BattlePass.proto;Clubs.proto;Common.proto;CommonGameClient.proto;Elites.proto;GameHost.proto;GameServer.proto;PersonalAwards.proto;Race.proto;Services.proto;Vault.proto,AppClient;GameServer,4,"Open profile, fame/level progress, rank benefits and any progression history screen with markers."
sweepstakes,Sweepstakes / Scheduled Draws,live-confirmed (cross-cutting/config only),50,schema skeleton,3,14,6,0,0,1,2,Common.proto;Services.proto;Sweepstakes.proto,AppClient;AppServer,0,"Open sweepstakes/current draw, ticket balance and completed-draw/history screens with markers."
adventure,Adventure,live-confirmed,75,substantial live structure,3,21,5,2,3,0,28,Adventure.proto;Common.proto;Services.proto,AdventureClient;AdventureServer,0,"Open Adventure map/phase, difficulty, missions and milestone screens with markers."
tournaments,Content Tournaments,schema-only / live sample pending,30,schema skeleton,2,6,2,0,0,0,0,ContentTournament.proto;Services.proto,AppServer,0,"Open every tournament screen, content item, rules/rewards and leaderboard with markers."
race,Race,schema-only / live sample pending,30,schema skeleton,2,14,3,0,0,0,0,Race.proto;Services.proto,RaceClient;RaceServer,0,"Open race overview, reward tiers and both leaderboard/detail views with markers."
elites,Elites / Play Together,schema-only / live sample pending,30,schema skeleton,2,25,8,0,0,0,0,Elites.proto;Services.proto,ElitesClient;ElitesServer,0,"Open Elites event, missions/milestones, leaderboard and Play Together screens with markers."
personal_awards,Personal Awards,schema-only / live sample pending,30,schema skeleton,2,18,2,0,0,0,0,PersonalAwards.proto;Services.proto,GameHost,0,Locate and open personal-award/achievement progress screens with markers.
vouchers,Vouchers,schema-only / live sample pending,30,schema skeleton,3,7,1,0,0,0,0,AppClient.proto;Services.proto;Vouchers.proto,AppServer,0,"Open voucher event/shop, balance, item detail and tutorial screens with markers."
non_spin_bonus,Non-Spin Bonus Games,schema-only / live sample pending,35,schema skeleton,3,13,7,0,0,0,0,NonSpinBonusGame.proto;Services.proto;Slots.proto,AppServer;GameHost;SlotsGameClient;SlotsGameServer,3,Enter a slot with a visible non-spin bonus and mark trigger/start/end.
baccarat,Baccarat,schema-only / live sample pending,30,schema skeleton,2,15,6,0,0,0,0,Baccarat.proto;Services.proto,BaccaratGameClient;BaccaratGameServer,0,Open a Baccarat room and mark join/config/betting/result.
blackjack,Blackjack,schema-only / live sample pending,30,schema skeleton,2,15,6,0,0,0,0,Blackjack.proto;Services.proto,BlackjackGameClient;BlackjackGameServer,0,Open a Blackjack room and mark betting/action/result states.
roulette,Roulette,schema-only / live sample pending,30,schema skeleton,2,14,6,0,0,0,0,Roulette.proto;Services.proto,RouletteGameClient;RouletteGameServer,0,Open a Roulette room and mark ready/betting/result.
texas_poker,Texas Poker,schema-only / live sample pending,30,schema skeleton,2,19,10,0,0,0,0,Services.proto;Texas.proto,TexasGameClient;TexasGameServer,0,"Open a Texas table/tournament and mark lobby, buy-in, hand and result."
video_poker,Video Poker,schema-only / live sample pending,30,schema skeleton,2,14,7,0,0,0,0,Services.proto;VideoPoker.proto,VideoPokerGameClient;VideoPokerGameServer,0,"Open Video Poker and mark first draw, hold selection, second draw and result."
economy,Currency / Balance / Economy Statistics,live-confirmed (cross-cutting/config only),65,partial live structure,7,17,2,0,0,4458,394,AppClient.proto;AppServer.proto;Common.proto;Definition.proto;GameServer.proto;Services.proto;Vault.proto,GameServer,12,"Mark visible balances before and after a spin, reward claim and shop preview in one marked session."
game_runtime,Game Runtime / Host / Room State,schema-only / live sample pending,35,schema skeleton,5,66,21,0,0,0,0,Common.proto;CommonGameClient.proto;GameHost.proto;GameServer.proto;Services.proto,GameHost;GameServer,7,"Use markers for lobby entry, game join, room loaded, game leave and reconnect."
authentication,Authentication / Account / Consent,live-confirmed,90,substantial live structure,5,59,17,4,6,1,186,AppClient.proto;AppServer.proto;HuuugeLogin.proto;Services.proto;Sweepstakes.proto,AppClient;AppServer;HuuugeLogin,3,No deliberate re-login is needed for cataloging; capture only a natural cold start with manifest/markers.
player_lobby,Player / Game / Lobby State,live-confirmed,90,substantial live structure,4,55,29,9,3050,49,124,AppClient.proto;AppServer.proto;Common.proto;Services.proto,AppClient;AppServer,10,"Mark cold-start lobby loaded, profile opened, friends/leaderboard opened and game-list navigation."
social,Social Recommendations / Invites,schema-only / live sample pending,30,schema skeleton,2,5,2,0,0,0,0,Common.proto;Services.proto,ExperimentalSocialRecommendationsServer,0,Open any invite/recommendation/referral screen with a marker.
contact_point,Contact Point / Engagement Surface,live-confirmed,60,partial live structure,4,4,2,1,1,0,2,AppClient.proto;AppServer.proto;ContactPoint.proto;Services.proto,AppServer;ContactPointClient,0,Open any inbox/contact/help/engagement surface that resembles a contact point and mark it.
liveops_events,Other LiveOps / DCI / Tower / Balloons,live-confirmed,90,substantial live structure,4,88,18,4,382,0,270,AppClient.proto;AppServer.proto;Common.proto;Services.proto,AppClient;AppServer,5,"Open Tower, Balloons and every unmatched live-event tile with distinct markers."
platform_diagnostics,HTF / Proxy / Test Infrastructure,schema-only / live sample pending,30,schema skeleton,6,74,11,0,0,0,0,Definition.proto;Htf.proto;HtfApp.proto;ProxyTestServer.proto;Rpc.proto;Services.proto,ProxyTestServer,0,No gameplay action is required; keep this module schema-only unless naturally emitted diagnostic traffic appears.
other_protocol,Other / Unclassified Protocol Families,live-confirmed,85,substantial live structure,5,92,13,5,10,0,20,AppClient.proto;AppServer.proto;Common.proto;Rpc.proto;Services.proto,AppClient;AppServer,0,Review new unknown endpoints after every marked capture and split coherent families into new dossiers.
